ISV,Title2,link3,description5,Published,Classification
CFISVCode-492,<b>6sense</b> Recognized as Leader in B2B Revenue Marketing Platforms Report | MarTech Cube,https://www.martechcube.com/6sense-recognized-as-leader-in-b2b-revenue-marketing-platforms-report/,"<b>6sense</b>, the leading platform to revolutionize the way B2B organizations create, manage and convert pipeline to revenue.",7/24/2024,
CFISVCode-492,Oracle's new Activity Centers aim to streamline HR processes - Techcircle,https://www.techcircle.in/2024/07/24/oracle-s-new-activity-centers-aim-to-streamline-hr-processes,"Based on data from market research firm <b>6sense.com</b>, Oracle HCM holds nearly 9.0% market share in the highly fragmented HCM market, facing&nbsp;...",7/24/2024,
CFISVCode-492,<b>6sense</b> Named a Leader in B2B Revenue Marketing Platforms Report | Business Wire,https://www.businesswire.com/news/home/20240719014637/en/6sense-Named-a-Leader-in-B2B-Revenue-Marketing-Platforms-Report,"<b>6sense</b>, the leading platform to revolutionize the way B2B organizations create, manage and convert pipeline to revenue, today announced that it&nbsp;...",7/22/2024,
CFISVCode-492,6sense CEO Honored by Goldman Sachs - Business Wire,https://news.google.com/rss/articles/CBMilwFBVV95cUxQWURRbjI4WmpUcmJEbWdHNkdCQUhSYTlSZnU4SU91b0xVUW5KRnFKQ253a2tnd21OX2tzNGU2TmhTQ01kWDlCeWp3eTVRQW5TYzdhVmJSUjFEeWQ2MU5nQWVINlNURWZqaExUdk82MmF1dEdkQUktNGhGMUxLTXhiWk9vZHZlUDBxYlROQkQ2MmZGeGNIWm5n?oc=5,6sense CEO recognized by Goldman Sachs for leadership and achievement.,10/22/2024,Awards
CFISVCode-492,6sense Named a Fastest-Growing Company in North America on the 2024 Deloitte Technology Fast 500™ for the Third Consecutive Year - Business Wire,https://news.google.com/rss/articles/CBMingJBVV95cUxNeE1EMnVhZGx1bGtpTjVrUEJTdTRrRzZ3SVRzVGF2WUZ3YklydDlXS1NvajRmeDFzY01kcURTM0V0STduOHY1TFRVSXRrc3RaSFRPUDBocWlfY3BmUy1FbF80TjBpcmJ1cE1DWUhJT1FpOHRHcmFNYVNxQ3VwTTJ4OFExYTktQ3gwNExIZndyZkdpTWpmNFZ6YmE3RFdmaGktbkI3RnFhYkZNWl9xcTBnSmRhT1BzbkppX3ZPMUE1ZWYwRWoxU20tdWN5Sm1vNEV4NG9MMVYxQ1Bhc3FnR0lIaUtXS1RuVmhuMTFrX3lZTGJmbmxnUW1sRHVTeEtNQTl6NmJyWXk3UDVtbU51eFBkWGJ5YmhJUEp0LTFtUW1B?oc=5,6sense was recognized as one of the fastest-growing companies in North America by Deloitte Technology Fast 500 for the third year.,11/21/2024,Awards
CFISVCode-492,6sense CEO Honored by Goldman Sachs - StockTitan,https://news.google.com/rss/articles/CBMiigFBVV95cUxNUk9nemt4YU1nMXFNU3JTUkUxSk96Yk14bVUxR21pMWJWWWpFZEhoVEpIeWQycWo0UHJrcDc5TlF5Zzg1bF9FU0d4SzNRaFRfUkM4ckNZcUZQYUN3WXVMNlBDNEJjcWVCbTFCRGUxOTNxejdlMHFkUlFyQ1Vfd01vMzlXbjJGcURSYWc?oc=5,The CEO of 6sense was recognized by Goldman Sachs for their achievements.,10/22/2024,Awards
CFISVCode-492,6sense Named a Leader in B2B Intent Data Providers Evaluation by Independent Research Firm,https://www.businesswire.com/news/home/20250226185842/en/6sense-Named-a-Leader-in-B2B-Intent-Data-Providers-Evaluation-by-Independent-Research-Firm,"6sense has been named a Leader in B2B Intent Data Providers by Forrester, highlighting its innovative approach and large data network that processes over 1 trillion buying signals daily, enhancing predictive analytics and workflow automation for revenue teams.",2/27/2025,Awards
CFISVCode-492,6sense Appoints Jeff Romano as Chief Customer Officer | Business Wire,https://www.businesswire.com/news/home/20250303721071/en/6sense-Appoints-Jeff-Romano-as-Chief-Customer-Officer,"6sense appoints Jeff Romano as Chief Customer Officer to lead customer experience initiatives, reporting to Chief Revenue Officer Latané Conant. Romano brings over 25 years of experience in global customer success, aiming to enhance 6sense's customer-first culture and drive business impact.",3/3/2025,Executive
CFISVCode-492,6sense Named a Financial Times Americasâ€™ Fastest Growing Company,https://www.businesswire.com/news/home/20241010171709/en/6sense-Advances-Use-of-AI-to-Unlock-B2B-Revenue-Potential-at-Breakthrough-2024/,"6sense hosted Breakthrough 2024 in Las Vegas, gathering over 1,200 sales and marketing leaders to highlight advancements in AI for B2B revenue growth. The event featured customer success stories and showcased how organizations use 6sense AI agents to transform go-to-market strategies, including outbound and inbound automation for sales engagement.",3/4/2025,Product
CFISVCode-492,6sense Named a Financial Times Americasâ€™ Fastest Growing Company â€“ 6sense,https://6sense.com/newsroom/6sense-named-a-financial-times-americas-fastest-growing-company/,6sense Named a Financial Times Americasâ€™ Fastest Growing Company â€“ 6sense,8/21/2025,Awards
CFISVCode-492,6sense Named a Leader in B2B Intent Data Providers Evaluation by Independent Research Firm â€“ 6sense,https://6sense.com/newsroom/6sense-named-a-leader-in-b2b-intent-data-providers-evaluation-by-independent-research-firm/,6sense Named a Leader in B2B Intent Data Providers Evaluation by Independent Research Firm â€“ 6sense,8/21/2025,Awards
CFISVCode-492,6sense Named to 2025 Inc. 5000 List of Fastest-Growing Private Companies for Fifth Consecutive Year,https://6sense.com/newsroom/6sense-named-to-2025-inc-5000-list/,6sense Named to 2025 Inc. 5000 List of Fastest-Growing Private Companies for Fifth Consecutive Year,8/21/2025,Awards
CFISVCode-492,6sense Appoints Jeff Romano as Chief Customer Officer â€“ 6sense,https://6sense.com/newsroom/6sense-appoints-jeff-romano-as-chief-customer-officer/,6sense Appoints Jeff Romano as Chief Customer Officer â€“ 6sense,8/21/2025,Executive
CFISVCode-492,6sense Expands Executive Team to Scale Innovation and Advance Leadership in AI-Powered Revenue Marketing,https://6sense.com/newsroom/6sense-expands-executive-team/,6sense Expands Executive Team to Scale Innovation and Advance Leadership in AI-Powered Revenue Marketing,8/21/2025,Executive
CFISVCode-492,6sense introduces Intelligent Workflows to streamline Marketing Ops,https://6sense.com/newsroom/6sense-introduces-intelligent-workflows-to-streamline-marketing-operations-and-boost-campaign-performance/,6sense introduces Intelligent Workflows to streamline Marketing Ops,8/21/2025,Product
CFISVCode-492,6sense Welcomes Chris Ball as CEO; Jason Zintak Continues as Chairman of the Board,https://finance.yahoo.com/news/6sense-welcomes-chris-ball-ceo-150000050.html,"6sense has appointed Chris Ball as its new CEO, succeeding Jason Zintak, who will continue as Chairman of the Board. Ball, a seasoned technology executive with experience at Instructure, Adobe, and SAP, aims to drive 6sense's growth and innovation. Under Zintak, 6sense grew significantly, becoming a leader in revenue marketing technology.",9/9/2025,Executive
CFISVCode-492,"6sense Launches AI Email Agents to Power Efficient, Personalized Pipeline Creation | 6sense",https://6sense.com/newsroom/6sense-launches-ai-email-agents-to-power-efficient-personalized-pipeline-creation/,"6sense has launched AI Email Agents, a new product designed to enhance personalized pipeline creation for B2B marketers. This solution automates the entire email lifecycle, from writing to routing qualified leads, leveraging real-time intent signals and CRM data. The Summer 2025 release includes features like AI-driven message personalization and native email provider integration, aimed at improving campaign relevance and efficiency.",9/1/2025,Product
CFISVCode-492,"6sense Launches AI Email Agents, Names Chris Ball as New CEO",https://www.demandgenreport.com/industry-news/news-brief/6sense-launches-ai-email-agents-names-chris-ball-as-new-ceo/50405/,"6sense has launched AI Email Agents, enhancing its platform with personalized, scalable email outreach capabilities. This product automates the entire email lifecycle, improving marketing efficiency. Concurrently, Chris Ball has been appointed as the new CEO, succeeding Jason Zintak. Ball aims to drive innovation and global expansion, leveraging his experience from Instructure, Adobe, and SAP.",9/23/2025,Product
CFISVCode-492,6sense Breakthrough 2025 to Unveil Next Generation of Agent-Powered Go-to-Market Innovation,https://uk.finance.yahoo.com/news/6sense-breakthrough-2025-unveil-next-120000537.html,6sense Breakthrough 2025 to Unveil Next Generation of Agent-Powered Go-to-Market Innovation,9/29/2025,Product
CFISVCode-492,6sense Breakthrough 2025 to Unveil Next Generation of Agent-Powered Go-to-Market Innovation - Yahoo Finance,https://finance.yahoo.com/news/6sense-breakthrough-2025-unveil-next-120000537.html,"6sense will host its seventh-annual Breakthrough customer conference in November 2025, unveiling major product updates including Intelligent Workflows and AI Email Agents. The event will focus on strategies to enhance go-to-market growth using AI and data-driven insights. Attendees will gain practical skills to improve pipeline growth and customer retention, with insights from industry leaders like Qualcomm and Akamai.",9/29/2025,Product
CFISVCode-492,6sense Named Among the Fastest-Growing Companies in North America on the 2025 ...,https://www.businesswire.com/news/home/20251124222248/en/6sense-Named-Among-the-Fastest-Growing-Companies-in-North-America-on-the-2025-Deloitte-Technology-Fast-500,"6sense has been recognized on the 2025 Deloitte Technology Fast 500 list, highlighting its rapid growth driven by AI-driven innovations for revenue teams. This accolade reflects 6sense's success in enhancing customer engagement and revenue precision through its AI-powered Revenue Intelligence platform.",11/24/2025,Awards
CFISVCode-492,6sense Named a Leader in the 2025 Gartner Magic Quadrant for Account-Based Marketing Platforms for Fifth Consecutive Year - Yahoo Finance,https://finance.yahoo.com/news/6sense-named-leader-2025-gartner-133000874.html,"6sense has been recognized as a Leader in the 2025 Gartner Magic Quadrant for Account-Based Marketing Platforms for the fifth consecutive year. The company was noted for its ability to execute, driven by its AI-powered Revenue Intelligence platform, which enhances marketing and sales alignment. This recognition highlights 6sense's impact on improving conversion rates, sales cycles, and deal sizes for its customers.",11/18/2025,Awards
CFISVCode-492,6sense Customers Redefine AI-Driven Revenue Execution at Breakthrough 2025 - Business Wire,https://www.businesswire.com/news/home/20251114007377/en/6sense-Customers-Redefine-AI-Driven-Revenue-Execution-at-Breakthrough-2025,"6sense hosted its annual Breakthrough 2025 customer conference, showcasing AI-driven innovations like RevvyAI and agent-powered workflows. The event highlighted customer success stories, including Rithum's rapid sales adoption and Simpro's AI Email Agents deployment. New platform features include AI agents for account qualification and real-time meeting booking, enhancing GTM execution efficiency.",11/14/2025,Customer
CFISVCode-492,"6sense Introduces RevvyAI, Turning the Platform Into an AI-Powered GTM Command Center - Yahoo Finance",https://finance.yahoo.com/news/6sense-introduces-revvyai-turning-platform-173000597.html,"6sense has launched RevvyAI, transforming its platform into an AI-powered go-to-market command center. RevvyAI introduces features like conversational interfaces, specialized agents, and persona-based workspaces, enhancing efficiency and precision in revenue operations. The update aims to streamline workflows, optimize ad spend, and improve sales intelligence, providing teams with greater control and transparency in their GTM strategies.",11/12/2025,Product